https://twitter.com/GTNUK1,,GTN UK,"Providing Entertainment & Travel to Commercial Radio. Reaching 28.9M weekly listeners. Winners of The Arqiva National Sales Team of the Year 2010, 2011 & 2016",Following count not found,Followers count not found,Location not found,Website not found,Profile image not found
https://twitter.com/whatsapp,,WhatsApp,"push, push",4,Followers count not found,California,https://t.co/ku2ShnxNRC,https://pbs.twimg.com/profile_images/1453818753880190978/HqrrEcrI_bigger.png
https://twitter.com/aacb_CBPTrade,,A & A Customs Broker,Customs Broker,124,Followers count not found,Location not found,Website not found,Profile image not found
https://twitter.com/aacbdotcom,,A&A Customs Brokers,No bio available,Following count not found,Followers count not found,Location not found,Website not found,Profile image not found
https://twitter.com/@AAWindowPRODUCT,,A&A Window Products,A commercial glass and glazing company serving the window industry in New England since 1954. #SafetyQualityService,88,Followers count not found,Location not found,Website not found,Profile image not found
https://www.twitter.com/aandb_kia,,A & B Kia,"A&B Kia is a Kia dealer in Benwood, WV. Stay connected to exceed expectations. Build strong relationships. Drive the best with us.",333,Followers count not found,Location not found,Website not found,Profile image not found
https://twitter.com/ABHomeInc,,A&B Home,"Industry leader in wholesale home decor, furniture, and garden, since 1993.",178,Followers count not found,Location not found,Website not found,Profile image not found
https://twitter.com/Abrepro,,A & B Reprographics,"From large format black & white prints to the most sophisticated of digital color printing jobs, A & B can get the job done right.",123,Followers count not found,Location not found,Website not found,Profile image not found
https://twitter.com/ACChristofiLtd,,A & C CHRISTOFI LTD,"A & C CHRISTOFI LTD is a fast growing professional services company based in Limassol, Cyprus. Our main Concern is your Business.",291,Followers count not found,Location not found,Website not found,Profile image not found
https://twitter.com/aeclothing1,,A&E Clothing,Used Clothing Distributor,Following count not found,Followers count not found,Location not found,Website not found,Profile image not found
https://twitter.com/AETechnologies1,,A & E Technologies,No bio available,Following count not found,Followers count not found,Location not found,Website not found,Profile image not found
http://www.twitter.com/wix,,Wix,"Create, manage and grow your business online with Wix. It’s more than just a website builder, it’s how your vision comes to life. For support: 
@WixHelp
.","3,725",Followers count not found,We're everywhere!,https://t.co/vzQPGJokOE,https://pbs.twimg.com/profile_banners/6608082/1684421208/1080x360
https://twitter.com/AGInsuranceLLC,,A & G Insurance LLC,"A & G Insurance prides itself on being your local, full service, Independent Insurance Agency.",257,Followers count not found,Location not found,Website not found,Profile image not found
